{"cameraMode":{"drawMode":0,"name":"Shaded","section":"Shading Mode"},"sceneLighting":false,"audioPlay":false,"sceneViewState":{"showFog":true,"showMaterialUpdate":false,"showSkybox":true,"showFlares":true,"showImageEffects":true,"showParticleSystems":true},"in2DMode":false,"pivot":{"x":-83.5870361328125,"y":1.8049495220184327,"z":288.8914489746094},"rotation":{"x":-0.005459227133542299,"y":-0.9735163450241089,"z":0.22742867469787599,"w":-0.023387614637613298},"size":8.85888671875,"orthographic":false}