{"cameraMode":{"drawMode":0,"name":"Shaded","section":"Shading Mode"},"sceneLighting":false,"audioPlay":false,"sceneViewState":{"showFog":true,"showMaterialUpdate":false,"showSkybox":true,"showFlares":true,"showImageEffects":true,"showParticleSystems":true},"in2DMode":false,"pivot":{"x":-6.260178565979004,"y":35.243141174316409,"z":-0.1632537841796875},"rotation":{"x":-0.00019732861255761236,"y":0.9997368454933167,"z":-0.00989628303796053,"w":-0.021887822076678277},"size":168.3037872314453,"orthographic":false}